Nome,Telefone,Site
,,
,,
,,
RE/MAX SF - Imóveis em Barueri e Alphaville,(11) 3777-6200,http://www.sfconsultoriaimobiliaria.com.br/
MWF Imóveis -CRECI 27021-J,(11) 99710-0271,http://www.mwfimoveis.com.br/
,,
Best Ville Imóveis,(11) 4191-0155,http://www.bestville.com.br/
CKS Imóveis - Imobiliária em Alphaville e Tamboré - Casas em Alphaville,(11) 99901-6333,https://www.cksimoveis.com.br/
Apoena Imóveis,(11) 3829-6100,http://www.apoenaimoveis.com.br/
,,
PotênciaLar Alphaville,(11) 4382-0442,http://potenciaimoveis.com.br/
Next Alphaville Imobiliária,(11) 97549-2626,http://www.nextalphaville.com/
Alphaville Inteligência Imobiliária e Incorporações,(11) 97401-7652,http://chanoch-imoveis-para-incorporacao.negocio.site/
ALMEIDA E CHAGAS IMÓVEIS,(11) 99200-2903,http://almeidaechagasimoveis.com.br/
APriori,(11) 99641-4989,http://www.casasavendaemalphaville.com.br/
Morando em Alphaville,(11) 98081-2255,http://morandoemalphaville.com/
AP Barueri Imóveis ®,(11) 99432-5975,https://g.page/imoveislr
Viva Prime Imobiliária Alphaville,(11) 4193-5173,https://www.vivaprimeimoveis.com.br/
Imóveis Alphaville Barueri Luis Barros,(11) 98111-3638,https://luisbarroscorretor.com.br/
Alpha Imóvel,(11) 4195-0195,http://www.alphaimovel.com.br/
Primus Soluções Imobiliárias,(11) 5241-3765,https://primusimob.com.br/
,,
Finotti Planejamento Ltda,(11) 97223-5420,http://www.finottiimoveis.com.br/
Atne Imóveis Ltda,(11) 92000-0185,https://atne.com.br/
Vida Imóveis Alphaville,(11) 99915-1758,https://www.vidaimoveis.com/alphaville
ALPHAVILLE INVEST- Negocios imobiliarios,(11) 94735-2334,http://www.alphavilleinvest.com.br/
Betha House Negócios,(11) 97622-1232,http://www.bethahouse.imb.br/
Bontempo Imobiliária (Matriz),(11) 96160-2000,https://www.bontempoimobiliaria.com.br/
,,
,,
Paulo Roberto Leardi Alphaville - Imobiliária 213,(11) 4208-7208,https://www.leardialphaville.com.br/
CG7 Imóveis,(11) 97077-4060,https://www.cg7imoveis.com.br/
UP Real Estate Alphaville,(11) 4269-0012,https://www.upalphaville.com/
JRS,(11) 4326-9714,https://www.imoveisjrs.com.br/
Shark Eficiência Imobiliária,(11) 4382-8763,https://sharkei.com.br/
Caixeta negócios Imobiliários- Imobiliária Barueri - Alphaville Santana de Parnaíba - São Roque - Centro de São Paulo - Cotia,(11) 98457-0245,http://www.caixetaimob.com.br/
Megan Imóveis,(11) 4161-3008,http://www.meganimoveis.com.br/
Max Líder Imóveis,(11) 4198-1099,http://www.maxliderimoveis.com.br/
FÉLIX S IMOBILIÁRIA,(11) 4688-1520,https://www.felixsimobiliaria.com.br/sobre
Imobiliaria Casa Alphaville,(11) 99027-9866,http://casaalphavilleimoveis.com.br/
IMOBILIARIA SÓ ALUGO,(11) 94788-8299,https://www.novaengeplac.com.br/
Zero 3 Imóveis,(11) 3683-0003,http://www.zero3imoveis.com.br/
Alpha Star Imóveis,(11) 97436-1800,https://www.alphastarimoveis.com.br/
REMAX CITY III,(11) 95794-3655,https://grupocity.com.br/
Rodrigo Souza Imobiliária,(11) 98467-0114,https://www.rodrigosouzaimobiliaria.com.br/
FS Embaixadora Imobiliária,(11) 94907-3528,https://www.fsembaixadoraimobiliaria.com.br/contato
LucaRelli,(11) 4375-3209,https://www.lucarelliimoveis.com.br/
Imobiliária Zona Oeste,(11) 3631-1114,http://www.imobiliariazonaoeste.com.br/
Oliveira Imóveis,(11) 4195-2323,http://www.oliveiraimoveis.com.br/
Vivenda Imóveis,(11) 4191-5110,https://www.vivendaimoveis.com.br/
Imobiliária Jardins,(11) 4706-1234,http://www.imobiliariajardins.com.br/
Lelo Gama Imobiliária,(11) 4164-3500,https://www.lelogamaimoveis.com.br/
Sicasas imóveis,(11) 98107-2722,http://www.sicasas.com.br/
Imóveis Camilo - A sua imobiliária,(11) 97204-3642,https://www.imoveiscamilo.com.br/
Datha,(11) 4161-6100,http://www.dathaimoveis.com.br/
"AlphaOne Imóveis - Casas em Alphaville, Tamboré, Ecoville - Imobiliária Alphaville Venda e Locação",(11) 95149-5555,http://alphaoneimoveis.com.br/
IHB Brazil - Imobiliária Internacional,(11) 97197-8748,http://www.ihbbrazil.com.br/
limaalpha imoveis,(11) 97142-5577,http://limaalphaimoveis.com.br/
,,
Monica Poplawski - Alphahauser,(11) 94700-2339,http://www.alphahauser.com.br/
Coala Realizações Imobiliárias,(11) 3500-9816,http://coalarealiza.com.br/
Palazzolli Imóveis,(11) 2680-7274,http://www.palazzolliimoveis.com.br/
Gold Ville Imóveis,(11) 94006-1001,http://www.goldville.com.br/
Felicita assessoria,(11) 4116-2777,http://www.felicitaimob.com.br/
Conecta Imóvel,(11) 93377-8762,http://www.conectaimovel.com/
Patrick Brazil,(11) 97780-4111,https://linktr.ee/Patrick.Brazil.Imoveis
Imobiliária Ramos e Ribeiro Imóveis,(11) 4184-2266,http://www.ramoseribeiro.com.br/
,,
Marcos Tadashy Imoveis Ltda,(11) 99022-0101,http://www.marcostadashyimoveis.com.br/
Nilton Imóveis,(11) 98170-6000,https://www.niltonimoveis10.com.br/
TALENTOS NEGÓCIOS IMOBILIÁRIOS,,http://talentosimoveis.com.br/
RRS NEGOCIOS IMOBILIARIOS,(11) 94351-1122,http://www.rrsnegociosimobiliarios.com.br/
Futuro Intermediações Imobiliárias,(11) 97149-0733,https://futuro.imb.br/
JR Imobiliária,(11) 2321-1393,http://jrimobiliaria.imb.br/
Grupo Bettha,(11) 98712-8282,https://www.grupobettha.com.br/
WJ Imobiliária,(11) 94779-7823,https://www.wjimoveis.com.br/
Felt Negócios Imobiliários,(11) 4498-6210,http://www.feltimoveis.com.br/
,,
MMACEDOIMOVEIS,(11) 94733-4030,http://www.mmacedoimoveis.com.br/
Bonitas Br Soluções Imobiliárias,(11) 99228-2521,https://www.bonitasbr.com.br/pagina/1-quem-somos.html
Alphaweb Imóveis,(11) 4208-0361,https://www.alphawebimoveis.com.br/
DLS Imóveis,(11) 97430-9121,https://www.dlsimoveis.com.br/
Bonanno Imóveis Prime,(11) 99404-9349,http://www.bonannoimoveis.com.br/
Wagner Gama Corretor de Imóveis,(11) 4184-6467,http://wagnergamaimoveis.com.br/
Imóveis Lessa,(11) 4553-4518,http://imoveislessa.com.br/
Imobiliária Case Belle,(11) 93619-4218,https://casebelle.com.br/
Imóveis em Alphaville,(11) 93222-5011,http://www.vpalphaimoveis.com.br/contato
Rafa Imóveis,(11) 4164-2911,http://www.rafaimoveis.com.br/
Douglas Imóveis & Advocacia,(11) 4184-6535,https://douglasnet.com.br/
,,
,,
,,
Solano Imóveis,(11) 4194-1555,http://www.solanoimoveis.net.br/
pablorvcorretorimoveis,(11) 98170-8000,http://pablorvcorretorimoveis.com.br/
D.R. Global - Gestão de Condomínios e BPO Ltda.,(11) 5199-3519,http://www.drglobal.com.br/
Imobiliária - Ana Rocha Imóveis,(11) 4181-5279,http://www.anarochaimoveis.com.br/
Galpoes Almeida,(11) 94766-0370,http://galpoesalmeida.com.br/
Martins leal Imóveis,(11) 4146-3441,http://www.martinslealimoveis.com.br/
"Imobiliária Ministro90 LTDA Imobiliária em Osasco - Imóveis na Zona Oeste, Casas e Apartamentos a Venda",0800 591 7762,http://ministro90.com.br/
Terra Imobiliária,(11) 96034-0808,http://www.terraimobiliaria.com/
Elias Imóveis - Adm. e Vendas,(11) 4183-2980,http://eliasimobiliaria.com.br/
Contêm Soluções Imobiliárias,(11) 3681-1870,https://www.contemsolucoes.com.br/
Novo Lar,(11) 99608-2087,http://www.novolarimoveis.net.br/
"Innova Group - Inteligência Imobiliária - Venda e Locação de Casas, Apartamentos e Imóveis Comerciais",(11) 91318-0358,http://www.innovagroupimob.com.br/
2i Inteligência Imobiliária,(11) 3683-3661,http://www.2iinteligenciaimobiliaria.com.br/
S. MIRANDA Consultoria Imobiliária,(11) 4552-7778,https://www.smirandaconsultoria.com.br/
IMOBILIÁRIA CONQUISTA OSASCO,(11) 4620-6949,http://conquistaosasco.com.br/
GRR,(11) 4162-2417,http://www.grrimoveis.com.br/
Mediz Imóveis Imobiliária em Pirituba,(11) 3902-7180,https://www.medizimoveis.com.br/
D'Angelo Imobiliária,(11) 3681-4089,http://www.dangeloimobiliaria.com.br/
,,
Nunes Imóveis Oficial,(11) 3688-4000,http://www.imobiliarianunes.com.br/